{
  "main": {
    "id": "671a6ff60ced94ee",
    "type": "split",
    "children": [
      {
        "id": "d78e047d52b707b4",
        "type": "tabs",
        "children": [
          {
            "id": "e32b8f6ea4edb063",
            "type": "leaf",
            "state": {
              "type": "markdown",
              "state": {
                "file": "Raspibolt/Backstory.md",
                "mode": "source",
                "source": false
              }
            }
          }
        ]
      }
    ],
    "direction": "vertical"
  },
  "left": {
    "id": "1fc2cc650c081152",
    "type": "split",
    "children": [
      {
        "id": "cc4fc985ef5b8717",
        "type": "tabs",
        "children": [
          {
            "id": "ae8d634e164c548f",
            "type": "leaf",
            "state": {
              "type": "file-explorer",
              "state": {
                "sortOrder": "alphabetical"
              }
            }
          },
          {
            "id": "6c04897f950e2d7d",
            "type": "leaf",
            "state": {
              "type": "search",
              "state": {
                "query": "",
                "matchingCase": true,
                "explainSearch": false,
                "collapseAll": false,
                "extraContext": false,
                "sortOrder": "alphabetical"
              }
            }
          },
          {
            "id": "87b304e16290cbde",
            "type": "leaf",
            "state": {
              "type": "bookmarks",
              "state": {}
            }
          },
          {
            "id": "3b424e047fff9054",
            "type": "leaf",
            "state": {
              "type": "outline",
              "state": {
                "file": "Raspibolt/Backstory.md"
              }
            }
          }
        ]
      }
    ],
    "direction": "horizontal",
    "width": 300
  },
  "right": {
    "id": "fb2fbeb100280069",
    "type": "split",
    "children": [
      {
        "id": "170a1321df6cdd49",
        "type": "tabs",
        "children": [
          {
            "id": "e6383b30a230ae63",
            "type": "leaf",
            "state": {
              "type": "backlink",
              "state": {
                "file": "Raspibolt/Backstory.md",
                "collapseAll": true,
                "extraContext": false,
                "sortOrder": "alphabetical",
                "showSearch": false,
                "searchQuery": "",
                "backlinkCollapsed": false,
                "unlinkedCollapsed": true
              }
            }
          },
          {
            "id": "395e627b4116b7a8",
            "type": "leaf",
            "state": {
              "type": "outgoing-link",
              "state": {
                "file": "Raspibolt/Backstory.md",
                "linksCollapsed": false,
                "unlinkedCollapsed": true
              }
            }
          },
          {
            "id": "f29d026c724b50db",
            "type": "leaf",
            "state": {
              "type": "tag",
              "state": {
                "sortOrder": "frequency",
                "useHierarchy": true
              }
            }
          },
          {
            "id": "a1b110f7574fd1c3",
            "type": "leaf",
            "state": {
              "type": "advanced-tables-toolbar",
              "state": {}
            }
          },
          {
            "id": "f9cf49663996fe42",
            "type": "leaf",
            "state": {
              "type": "all-properties",
              "state": {
                "sortOrder": "frequency",
                "showSearch": false,
                "searchQuery": ""
              }
            }
          }
        ],
        "currentTab": 4
      }
    ],
    "direction": "horizontal",
    "width": 236,
    "collapsed": true
  },
  "left-ribbon": {
    "hiddenItems": {
      "switcher:Open quick switcher": false,
      "graph:Open graph view": false,
      "canvas:Create new canvas": false,
      "daily-notes:Open today's daily note": false,
      "templates:Insert template": false,
      "command-palette:Open command palette": false,
      "table-editor-obsidian:Advanced Tables Toolbar": false,
      "obsidian-excalidraw-plugin:Create new drawing": false
    }
  },
  "active": "e32b8f6ea4edb063",
  "lastOpenFiles": [
    "temp",
    "Viajes/Italia/Bolonia/Catedral de San Petronio.md",
    "Rubik/3x3/Método Fridrich reducido.md",
    "Viajes/Italia/Bolonia",
    "Viajes/Italia",
    "Viajes",
    "Computer Science/SysAdmin/Bash.md",
    "Rubik/2x2/2x2.md",
    "Rubik/3x3/3x3.md",
    "Rubik/2x2/Nomenclatura.md",
    "Rubik/Rubik's cubes.md",
    "Computer Science/SysAdmin/User Management Linux.md",
    "Computer Science/SysAdmin/File permissions.md",
    "Rubik/2x2/Método LBL (Layer By Layer).md",
    "Rubik/2x2/Método sencillo.md",
    "Hive/Hive. Reglas de juego.md",
    "Pokémon/VGC guide/0. Introduction/Begginers/Introduction to Competitive Pokémon.md",
    "Pokémon/VGC guide/0. Introduction/Introduction.md",
    "Pokémon/VGC guide/VGC guide.md",
    "Pokémon/VGC guide/2. Teambuilding/Teambuilding.md",
    "Pokémon/VGC guide/1. Battling/Battling.md",
    "Pokémon/VGC guide/2. Teambuilding/Pitfalls/How to Beat a Pokémon.md",
    "Pokémon/VGC guide/2. Teambuilding/Pitfalls/Sixth Pokémon Syndrome.md",
    "Pokémon/VGC guide/2. Teambuilding/Putting it all together/EVing 3 - How to Make a Complex EV Spread.md",
    "Pokémon/VGC guide/2. Teambuilding/Putting it all together/EVing 2 - Why Would You Want a More Complex EV Spread.md",
    "Pokémon/VGC guide/2. Teambuilding/Putting it all together/EVing 1 - How to Make Simple EV Spreads.md",
    "Pokémon/VGC guide/2. Teambuilding/Putting it all together/How to Put it All Together.md",
    "Pokémon/VGC guide/2. Teambuilding/Abstract Building Blocks/Team Playstyle and Pace.md",
    "Pokémon/VGC guide/2. Teambuilding/Abstract Building Blocks/Metagame.md",
    "Pokémon/VGC guide/2. Teambuilding/Getting Ready for Battles",
    "Pokémon/VGC guide/2. Teambuilding/Pitfalls",
    "Pokémon/VGC guide/2. Teambuilding/Putting it all together",
    "Pokémon/VGC guide/2. Teambuilding/Concrete Building Blocks",
    "Pokémon/VGC guide/2. Teambuilding/Pick a Team Wihtout Teambuilding",
    "Pokémon/VGC guide/2. Teambuilding/First Steps",
    "Pokémon/VGC guide/1. Battling/Specific Battling Concepts",
    "Excalidraw/Scripts/Downloaded/Add Next Step in Process.svg",
    "Excalidraw/Scripts/Downloaded/Add Connector Point.svg",
    "Computer Science/resources/n-input-and-gate.png",
    "Computer Science/resources/divide3-fsm.png",
    "Computer Science/resources/priority-circuit-dontcare.png",
    "Computer Science/resources/priority-circuit.png",
    "Computer Science/resources/decoder.png",
    "Computer Science/resources/7-seg.png",
    "Computer Science/resources/d-latch.png",
    "Computer Science/resources/multiple-registers.png",
    "Untitled.canvas"
  ]
}